Country Name,"Country Code","Series","Series Code","Time","Time Code","Value"
Arab World,"ARB","Adult literacy rate, population 15+ years, both sexes (%)","SE.ADT.LITR.ZS","1990","YR1990","55.22865"
Arab World,"ARB","Adult literacy rate, population 15+ years, both sexes (%)","SE.ADT.LITR.ZS","1991","YR1991","56.30249"
Arab World,"ARB","Adult literacy rate, population 15+ years, both sexes (%)","SE.ADT.LITR.ZS","1992","YR1992","57.21008"
Arab World,"ARB","Adult literacy rate, population 15+ years, both sexes (%)","SE.ADT.LITR.ZS","1993","YR1993","57.90468"
Arab World,"ARB","Adult literacy rate, population 15+ years, both sexes (%)","SE.ADT.LITR.ZS","1994","YR1994","58.71621"
Arab World,"ARB","Adult literacy rate, population 15+ years, both sexes (%)","SE.ADT.LITR.ZS","1995","YR1995","59.68523"
Arab World,"ARB","Adult literacy rate, population 15+ years, both sexes (%)","SE.ADT.LITR.ZS","1996","YR1996","61.15468"
Arab World,"ARB","Adult literacy rate, population 15+ years, both sexes (%)","SE.ADT.LITR.ZS","1997","YR1997","61.91185"
Arab World,"ARB","Adult literacy rate, population 15+ years, both sexes (%)","SE.ADT.LITR.ZS","1998","YR1998","63.11762"
Arab World,"ARB","Adult literacy rate, population 15+ years, both sexes (%)","SE.ADT.LITR.ZS","1999","YR1999","64.17577"
Arab World,"ARB","Adult literacy rate, population 15+ years, female (%)","SE.ADT.LITR.FE.ZS","1990","YR1990","41.99405"
Arab World,"ARB","Adult literacy rate, population 15+ years, female (%)","SE.ADT.LITR.FE.ZS","1991","YR1991","43.17976"
Arab World,"ARB","Adult literacy rate, population 15+ years, female (%)","SE.ADT.LITR.FE.ZS","1992","YR1992","44.3478"
Arab World,"ARB","Adult literacy rate, population 15+ years, female (%)","SE.ADT.LITR.FE.ZS","1993","YR1993","44.62383"
Arab World,"ARB","Adult literacy rate, population 15+ years, female (%)","SE.ADT.LITR.FE.ZS","1994","YR1994","45.75983"
Arab World,"ARB","Adult literacy rate, population 15+ years, female (%)","SE.ADT.LITR.FE.ZS","1995","YR1995","46.8632"
Arab World,"ARB","Adult literacy rate, population 15+ years, female (%)","SE.ADT.LITR.FE.ZS","1996","YR1996","48.70183"
Arab World,"ARB","Adult literacy rate, population 15+ years, female (%)","SE.ADT.LITR.FE.ZS","1997","YR1997","49.6616"
Arab World,"ARB","Adult literacy rate, population 15+ years, female (%)","SE.ADT.LITR.FE.ZS","1998","YR1998","51.10921"
Arab World,"ARB","Adult literacy rate, population 15+ years, female (%)","SE.ADT.LITR.FE.ZS","1999","YR1999","52.47275"
Arab World,"ARB","Adult literacy rate, population 15+ years, male (%)","SE.ADT.LITR.MA.ZS","1990","YR1990","67.9535"
Arab World,"ARB","Adult literacy rate, population 15+ years, male (%)","SE.ADT.LITR.MA.ZS","1991","YR1991","68.90151"
Arab World,"ARB","Adult literacy rate, population 15+ years, male (%)","SE.ADT.LITR.MA.ZS","1992","YR1992","69.54578"
Arab World,"ARB","Adult literacy rate, population 15+ years, male (%)","SE.ADT.LITR.MA.ZS","1993","YR1993","70.634"
Arab World,"ARB","Adult literacy rate, population 15+ years, male (%)","SE.ADT.LITR.MA.ZS","1994","YR1994","71.12331"
Arab World,"ARB","Adult literacy rate, population 15+ years, male (%)","SE.ADT.LITR.MA.ZS","1995","YR1995","71.96963"
Arab World,"ARB","Adult literacy rate, population 15+ years, male (%)","SE.ADT.LITR.MA.ZS","1996","YR1996","72.96381"
Arab World,"ARB","Adult literacy rate, population 15+ years, male (%)","SE.ADT.LITR.MA.ZS","1997","YR1997","73.67705"
Arab World,"ARB","Adult literacy rate, population 15+ years, male (%)","SE.ADT.LITR.MA.ZS","1998","YR1998","74.66737"
Arab World,"ARB","Adult literacy rate, population 15+ years, male (%)","SE.ADT.LITR.MA.ZS","1999","YR1999","75.44687"
Arab World,"ARB","Adult literacy rate, population 15+ years, gender parity index (GPI)","UIS.LR.AG15T99.GPI","1990","YR1990","0.61798"
Arab World,"ARB","Adult literacy rate, population 15+ years, gender parity index (GPI)","UIS.LR.AG15T99.GPI","1991","YR1991","0.62669"
Arab World,"ARB","Adult literacy rate, population 15+ years, gender parity index (GPI)","UIS.LR.AG15T99.GPI","1992","YR1992","0.63768"
Arab World,"ARB","Adult literacy rate, population 15+ years, gender parity index (GPI)","UIS.LR.AG15T99.GPI","1993","YR1993","0.63176"
Arab World,"ARB","Adult literacy rate, population 15+ years, gender parity index (GPI)","UIS.LR.AG15T99.GPI","1994","YR1994","0.64339"
Arab World,"ARB","Adult literacy rate, population 15+ years, gender parity index (GPI)","UIS.LR.AG15T99.GPI","1995","YR1995","0.65115"
Arab World,"ARB","Adult literacy rate, population 15+ years, gender parity index (GPI)","UIS.LR.AG15T99.GPI","1996","YR1996","0.66748"
Arab World,"ARB","Adult literacy rate, population 15+ years, gender parity index (GPI)","UIS.LR.AG15T99.GPI","1997","YR1997","0.67404"
Arab World,"ARB","Adult literacy rate, population 15+ years, gender parity index (GPI)","UIS.LR.AG15T99.GPI","1998","YR1998","0.68449"
Arab World,"ARB","Adult literacy rate, population 15+ years, gender parity index (GPI)","UIS.LR.AG15T99.GPI","1999","YR1999","0.69549"
Central Europe and the Baltics,"CEB","Adult literacy rate, population 15+ years, both sexes (%)","SE.ADT.LITR.ZS","1990","YR1990","98.15051"
Central Europe and the Baltics,"CEB","Adult literacy rate, population 15+ years, both sexes (%)","SE.ADT.LITR.ZS","1991","YR1991","98.19687"
Central Europe and the Baltics,"CEB","Adult literacy rate, population 15+ years, both sexes (%)","SE.ADT.LITR.ZS","1992","YR1992","98.2471"
Central Europe and the Baltics,"CEB","Adult literacy rate, population 15+ years, both sexes (%)","SE.ADT.LITR.ZS","1993","YR1993","98.28861"
Central Europe and the Baltics,"CEB","Adult literacy rate, population 15+ years, both sexes (%)","SE.ADT.LITR.ZS","1994","YR1994","98.33435"
Central Europe and the Baltics,"CEB","Adult literacy rate, population 15+ years, both sexes (%)","SE.ADT.LITR.ZS","1995","YR1995","98.37999"
Central Europe and the Baltics,"CEB","Adult literacy rate, population 15+ years, both sexes (%)","SE.ADT.LITR.ZS","1996","YR1996","98.41967"
Central Europe and the Baltics,"CEB","Adult literacy rate, population 15+ years, both sexes (%)","SE.ADT.LITR.ZS","1997","YR1997","98.45885"
Central Europe and the Baltics,"CEB","Adult literacy rate, population 15+ years, both sexes (%)","SE.ADT.LITR.ZS","1998","YR1998","98.54362"
Central Europe and the Baltics,"CEB","Adult literacy rate, population 15+ years, both sexes (%)","SE.ADT.LITR.ZS","1999","YR1999","98.47383"
Central Europe and the Baltics,"CEB","Adult literacy rate, population 15+ years, female (%)","SE.ADT.LITR.FE.ZS","1990","YR1990","97.32817"
Central Europe and the Baltics,"CEB","Adult literacy rate, population 15+ years, female (%)","SE.ADT.LITR.FE.ZS","1991","YR1991","97.40728"
Central Europe and the Baltics,"CEB","Adult literacy rate, population 15+ years, female (%)","SE.ADT.LITR.FE.ZS","1992","YR1992","97.48448"
Central Europe and the Baltics,"CEB","Adult literacy rate, population 15+ years, female (%)","SE.ADT.LITR.FE.ZS","1993","YR1993","97.55026"
Central Europe and the Baltics,"CEB","Adult literacy rate, population 15+ years, female (%)","SE.ADT.LITR.FE.ZS","1994","YR1994","97.62333"
Central Europe and the Baltics,"CEB","Adult literacy rate, population 15+ years, female (%)","SE.ADT.LITR.FE.ZS","1995","YR1995","97.69594"
Central Europe and the Baltics,"CEB","Adult literacy rate, population 15+ years, female (%)","SE.ADT.LITR.FE.ZS","1996","YR1996","97.76056"
Central Europe and the Baltics,"CEB","Adult literacy rate, population 15+ years, female (%)","SE.ADT.LITR.FE.ZS","1997","YR1997","97.82677"
Central Europe and the Baltics,"CEB","Adult literacy rate, population 15+ years, female (%)","SE.ADT.LITR.FE.ZS","1998","YR1998","97.96277"
Central Europe and the Baltics,"CEB","Adult literacy rate, population 15+ years, female (%)","SE.ADT.LITR.FE.ZS","1999","YR1999","97.90075"
Central Europe and the Baltics,"CEB","Adult literacy rate, population 15+ years, male (%)","SE.ADT.LITR.MA.ZS","1990","YR1990","99.04296"
Central Europe and the Baltics,"CEB","Adult literacy rate, population 15+ years, male (%)","SE.ADT.LITR.MA.ZS","1991","YR1991","99.05595"
Central Europe and the Baltics,"CEB","Adult literacy rate, population 15+ years, male (%)","SE.ADT.LITR.MA.ZS","1992","YR1992","99.0771"
Central Europe and the Baltics,"CEB","Adult literacy rate, population 15+ years, male (%)","SE.ADT.LITR.MA.ZS","1993","YR1993","99.09292"
Central Europe and the Baltics,"CEB","Adult literacy rate, population 15+ years, male (%)","SE.ADT.LITR.MA.ZS","1994","YR1994","99.10951"
Central Europe and the Baltics,"CEB","Adult literacy rate, population 15+ years, male (%)","SE.ADT.LITR.MA.ZS","1995","YR1995","99.12623"
Central Europe and the Baltics,"CEB","Adult literacy rate, population 15+ years, male (%)","SE.ADT.LITR.MA.ZS","1996","YR1996","99.13899"
Central Europe and the Baltics,"CEB","Adult literacy rate, population 15+ years, male (%)","SE.ADT.LITR.MA.ZS","1997","YR1997","99.1492"
Central Europe and the Baltics,"CEB","Adult literacy rate, population 15+ years, male (%)","SE.ADT.LITR.MA.ZS","1998","YR1998","99.17849"
Central Europe and the Baltics,"CEB","Adult literacy rate, population 15+ years, male (%)","SE.ADT.LITR.MA.ZS","1999","YR1999","99.10069"
Central Europe and the Baltics,"CEB","Adult literacy rate, population 15+ years, gender parity index (GPI)","UIS.LR.AG15T99.GPI","1990","YR1990","0.98269"
Central Europe and the Baltics,"CEB","Adult literacy rate, population 15+ years, gender parity index (GPI)","UIS.LR.AG15T99.GPI","1991","YR1991","0.98336"
Central Europe and the Baltics,"CEB","Adult literacy rate, population 15+ years, gender parity index (GPI)","UIS.LR.AG15T99.GPI","1992","YR1992","0.98393"
Central Europe and the Baltics,"CEB","Adult literacy rate, population 15+ years, gender parity index (GPI)","UIS.LR.AG15T99.GPI","1993","YR1993","0.98443"
Central Europe and the Baltics,"CEB","Adult literacy rate, population 15+ years, gender parity index (GPI)","UIS.LR.AG15T99.GPI","1994","YR1994","0.985"
Central Europe and the Baltics,"CEB","Adult literacy rate, population 15+ years, gender parity index (GPI)","UIS.LR.AG15T99.GPI","1995","YR1995","0.98557"
Central Europe and the Baltics,"CEB","Adult literacy rate, population 15+ years, gender parity index (GPI)","UIS.LR.AG15T99.GPI","1996","YR1996","0.9861"
Central Europe and the Baltics,"CEB","Adult literacy rate, population 15+ years, gender parity index (GPI)","UIS.LR.AG15T99.GPI","1997","YR1997","0.98666"
Central Europe and the Baltics,"CEB","Adult literacy rate, population 15+ years, gender parity index (GPI)","UIS.LR.AG15T99.GPI","1998","YR1998","0.98774"
Central Europe and the Baltics,"CEB","Adult literacy rate, population 15+ years, gender parity index (GPI)","UIS.LR.AG15T99.GPI","1999","YR1999","0.98789"
East Asia & Pacific,"EAS","Adult literacy rate, population 15+ years, both sexes (%)","SE.ADT.LITR.ZS","1990","YR1990","80.41609"
East Asia & Pacific,"EAS","Adult literacy rate, population 15+ years, both sexes (%)","SE.ADT.LITR.ZS","1991","YR1991","81.58446"
East Asia & Pacific,"EAS","Adult literacy rate, population 15+ years, both sexes (%)","SE.ADT.LITR.ZS","1992","YR1992","82.05791"
East Asia & Pacific,"EAS","Adult literacy rate, population 15+ years, both sexes (%)","SE.ADT.LITR.ZS","1993","YR1993","82.48622"
East Asia & Pacific,"EAS","Adult literacy rate, population 15+ years, both sexes (%)","SE.ADT.LITR.ZS","1994","YR1994","83.00355"
East Asia & Pacific,"EAS","Adult literacy rate, population 15+ years, both sexes (%)","SE.ADT.LITR.ZS","1995","YR1995","83.5124"
East Asia & Pacific,"EAS","Adult literacy rate, population 15+ years, both sexes (%)","SE.ADT.LITR.ZS","1996","YR1996","84.02238"
East Asia & Pacific,"EAS","Adult literacy rate, population 15+ years, both sexes (%)","SE.ADT.LITR.ZS","1997","YR1997","89.07652"
East Asia & Pacific,"EAS","Adult literacy rate, population 15+ years, both sexes (%)","SE.ADT.LITR.ZS","1998","YR1998","89.43336"
East Asia & Pacific,"EAS","Adult literacy rate, population 15+ years, both sexes (%)","SE.ADT.LITR.ZS","1999","YR1999","89.79081"
East Asia & Pacific,"EAS","Adult literacy rate, population 15+ years, female (%)","SE.ADT.LITR.FE.ZS","1990","YR1990","72.62633"
East Asia & Pacific,"EAS","Adult literacy rate, population 15+ years, female (%)","SE.ADT.LITR.FE.ZS","1991","YR1991","74.00174"
East Asia & Pacific,"EAS","Adult literacy rate, population 15+ years, female (%)","SE.ADT.LITR.FE.ZS","1992","YR1992","74.66978"
East Asia & Pacific,"EAS","Adult literacy rate, population 15+ years, female (%)","SE.ADT.LITR.FE.ZS","1993","YR1993","75.31442"
East Asia & Pacific,"EAS","Adult literacy rate, population 15+ years, female (%)","SE.ADT.LITR.FE.ZS","1994","YR1994","76.0244"
East Asia & Pacific,"EAS","Adult literacy rate, population 15+ years, female (%)","SE.ADT.LITR.FE.ZS","1995","YR1995","76.72774"
East Asia & Pacific,"EAS","Adult literacy rate, population 15+ years, female (%)","SE.ADT.LITR.FE.ZS","1996","YR1996","77.42092"
East Asia & Pacific,"EAS","Adult literacy rate, population 15+ years, female (%)","SE.ADT.LITR.FE.ZS","1997","YR1997","84.65135"
East Asia & Pacific,"EAS","Adult literacy rate, population 15+ years, female (%)","SE.ADT.LITR.FE.ZS","1998","YR1998","85.16852"
East Asia & Pacific,"EAS","Adult literacy rate, population 15+ years, female (%)","SE.ADT.LITR.FE.ZS","1999","YR1999","85.66684"
East Asia & Pacific,"EAS","Adult literacy rate, population 15+ years, male (%)","SE.ADT.LITR.MA.ZS","1990","YR1990","88.0474"
East Asia & Pacific,"EAS","Adult literacy rate, population 15+ years, male (%)","SE.ADT.LITR.MA.ZS","1991","YR1991","89.01716"
East Asia & Pacific,"EAS","Adult literacy rate, population 15+ years, male (%)","SE.ADT.LITR.MA.ZS","1992","YR1992","89.30343"
East Asia & Pacific,"EAS","Adult literacy rate, population 15+ years, male (%)","SE.ADT.LITR.MA.ZS","1993","YR1993","89.52578"
East Asia & Pacific,"EAS","Adult literacy rate, population 15+ years, male (%)","SE.ADT.LITR.MA.ZS","1994","YR1994","89.86028"
East Asia & Pacific,"EAS","Adult literacy rate, population 15+ years, male (%)","SE.ADT.LITR.MA.ZS","1995","YR1995","90.18624"
East Asia & Pacific,"EAS","Adult literacy rate, population 15+ years, male (%)","SE.ADT.LITR.MA.ZS","1996","YR1996","90.51888"
East Asia & Pacific,"EAS","Adult literacy rate, population 15+ years, male (%)","SE.ADT.LITR.MA.ZS","1997","YR1997","93.4339"
East Asia & Pacific,"EAS","Adult literacy rate, population 15+ years, male (%)","SE.ADT.LITR.MA.ZS","1998","YR1998","93.64017"
East Asia & Pacific,"EAS","Adult literacy rate, population 15+ years, male (%)","SE.ADT.LITR.MA.ZS","1999","YR1999","93.8608"
East Asia & Pacific,"EAS","Adult literacy rate, population 15+ years, gender parity index (GPI)","UIS.LR.AG15T99.GPI","1990","YR1990","0.82485"
East Asia & Pacific,"EAS","Adult literacy rate, population 15+ years, gender parity index (GPI)","UIS.LR.AG15T99.GPI","1991","YR1991","0.83132"
East Asia & Pacific,"EAS","Adult literacy rate, population 15+ years, gender parity index (GPI)","UIS.LR.AG15T99.GPI","1992","YR1992","0.83614"
East Asia & Pacific,"EAS","Adult literacy rate, population 15+ years, gender parity index (GPI)","UIS.LR.AG15T99.GPI","1993","YR1993","0.84126"
East Asia & Pacific,"EAS","Adult literacy rate, population 15+ years, gender parity index (GPI)","UIS.LR.AG15T99.GPI","1994","YR1994","0.84603"
East Asia & Pacific,"EAS","Adult literacy rate, population 15+ years, gender parity index (GPI)","UIS.LR.AG15T99.GPI","1995","YR1995","0.85077"
East Asia & Pacific,"EAS","Adult literacy rate, population 15+ years, gender parity index (GPI)","UIS.LR.AG15T99.GPI","1996","YR1996","0.8553"
East Asia & Pacific,"EAS","Adult literacy rate, population 15+ years, gender parity index (GPI)","UIS.LR.AG15T99.GPI","1997","YR1997","0.906"
East Asia & Pacific,"EAS","Adult literacy rate, population 15+ years, gender parity index (GPI)","UIS.LR.AG15T99.GPI","1998","YR1998","0.90953"
East Asia & Pacific,"EAS","Adult literacy rate, population 15+ years, gender parity index (GPI)","UIS.LR.AG15T99.GPI","1999","YR1999","0.9127"
Latin America & Caribbean,"LCN","Adult literacy rate, population 15+ years, both sexes (%)","SE.ADT.LITR.ZS","1990","YR1990","84.41567"
Latin America & Caribbean,"LCN","Adult literacy rate, population 15+ years, both sexes (%)","SE.ADT.LITR.ZS","1991","YR1991","84.98673"
Latin America & Caribbean,"LCN","Adult literacy rate, population 15+ years, both sexes (%)","SE.ADT.LITR.ZS","1992","YR1992","85.59983"
Latin America & Caribbean,"LCN","Adult literacy rate, population 15+ years, both sexes (%)","SE.ADT.LITR.ZS","1993","YR1993","86.23313"
Latin America & Caribbean,"LCN","Adult literacy rate, population 15+ years, both sexes (%)","SE.ADT.LITR.ZS","1994","YR1994","86.79705"
Latin America & Caribbean,"LCN","Adult literacy rate, population 15+ years, both sexes (%)","SE.ADT.LITR.ZS","1995","YR1995","87.39914"
Latin America & Caribbean,"LCN","Adult literacy rate, population 15+ years, both sexes (%)","SE.ADT.LITR.ZS","1996","YR1996","87.72867"
Latin America & Caribbean,"LCN","Adult literacy rate, population 15+ years, both sexes (%)","SE.ADT.LITR.ZS","1997","YR1997","88.01812"
Latin America & Caribbean,"LCN","Adult literacy rate, population 15+ years, both sexes (%)","SE.ADT.LITR.ZS","1998","YR1998","88.49388"
Latin America & Caribbean,"LCN","Adult literacy rate, population 15+ years, both sexes (%)","SE.ADT.LITR.ZS","1999","YR1999","88.7893"
Latin America & Caribbean,"LCN","Adult literacy rate, population 15+ years, female (%)","SE.ADT.LITR.FE.ZS","1990","YR1990","83.2648"
Latin America & Caribbean,"LCN","Adult literacy rate, population 15+ years, female (%)","SE.ADT.LITR.FE.ZS","1991","YR1991","83.83006"
Latin America & Caribbean,"LCN","Adult literacy rate, population 15+ years, female (%)","SE.ADT.LITR.FE.ZS","1992","YR1992","84.48305"
Latin America & Caribbean,"LCN","Adult literacy rate, population 15+ years, female (%)","SE.ADT.LITR.FE.ZS","1993","YR1993","85.14519"
Latin America & Caribbean,"LCN","Adult literacy rate, population 15+ years, female (%)","SE.ADT.LITR.FE.ZS","1994","YR1994","85.69999"
Latin America & Caribbean,"LCN","Adult literacy rate, population 15+ years, female (%)","SE.ADT.LITR.FE.ZS","1995","YR1995","86.31167"
Latin America & Caribbean,"LCN","Adult literacy rate, population 15+ years, female (%)","SE.ADT.LITR.FE.ZS","1996","YR1996","86.69251"
Latin America & Caribbean,"LCN","Adult literacy rate, population 15+ years, female (%)","SE.ADT.LITR.FE.ZS","1997","YR1997","86.99028"
Latin America & Caribbean,"LCN","Adult literacy rate, population 15+ years, female (%)","SE.ADT.LITR.FE.ZS","1998","YR1998","87.53427"
Latin America & Caribbean,"LCN","Adult literacy rate, population 15+ years, female (%)","SE.ADT.LITR.FE.ZS","1999","YR1999","87.88523"
Latin America & Caribbean,"LCN","Adult literacy rate, population 15+ years, male (%)","SE.ADT.LITR.MA.ZS","1990","YR1990","85.67779"
Latin America & Caribbean,"LCN","Adult literacy rate, population 15+ years, male (%)","SE.ADT.LITR.MA.ZS","1991","YR1991","86.23763"
Latin America & Caribbean,"LCN","Adult literacy rate, population 15+ years, male (%)","SE.ADT.LITR.MA.ZS","1992","YR1992","86.81099"
Latin America & Caribbean,"LCN","Adult literacy rate, population 15+ years, male (%)","SE.ADT.LITR.MA.ZS","1993","YR1993","87.40006"
Latin America & Caribbean,"LCN","Adult literacy rate, population 15+ years, male (%)","SE.ADT.LITR.MA.ZS","1994","YR1994","87.96923"
Latin America & Caribbean,"LCN","Adult literacy rate, population 15+ years, male (%)","SE.ADT.LITR.MA.ZS","1995","YR1995","88.55446"
Latin America & Caribbean,"LCN","Adult literacy rate, population 15+ years, male (%)","SE.ADT.LITR.MA.ZS","1996","YR1996","88.82404"
Latin America & Caribbean,"LCN","Adult literacy rate, population 15+ years, male (%)","SE.ADT.LITR.MA.ZS","1997","YR1997","89.09916"
Latin America & Caribbean,"LCN","Adult literacy rate, population 15+ years, male (%)","SE.ADT.LITR.MA.ZS","1998","YR1998","89.50375"
Latin America & Caribbean,"LCN","Adult literacy rate, population 15+ years, male (%)","SE.ADT.LITR.MA.ZS","1999","YR1999","89.74285"
Latin America & Caribbean,"LCN","Adult literacy rate, population 15+ years, gender parity index (GPI)","UIS.LR.AG15T99.GPI","1990","YR1990","0.97184"
Latin America & Caribbean,"LCN","Adult literacy rate, population 15+ years, gender parity index (GPI)","UIS.LR.AG15T99.GPI","1991","YR1991","0.97208"
Latin America & Caribbean,"LCN","Adult literacy rate, population 15+ years, gender parity index (GPI)","UIS.LR.AG15T99.GPI","1992","YR1992","0.97318"
Latin America & Caribbean,"LCN","Adult literacy rate, population 15+ years, gender parity index (GPI)","UIS.LR.AG15T99.GPI","1993","YR1993","0.9742"
Latin America & Caribbean,"LCN","Adult literacy rate, population 15+ years, gender parity index (GPI)","UIS.LR.AG15T99.GPI","1994","YR1994","0.9742"
Latin America & Caribbean,"LCN","Adult literacy rate, population 15+ years, gender parity index (GPI)","UIS.LR.AG15T99.GPI","1995","YR1995","0.97467"
Latin America & Caribbean,"LCN","Adult literacy rate, population 15+ years, gender parity index (GPI)","UIS.LR.AG15T99.GPI","1996","YR1996","0.976"
Latin America & Caribbean,"LCN","Adult literacy rate, population 15+ years, gender parity index (GPI)","UIS.LR.AG15T99.GPI","1997","YR1997","0.97633"
Latin America & Caribbean,"LCN","Adult literacy rate, population 15+ years, gender parity index (GPI)","UIS.LR.AG15T99.GPI","1998","YR1998","0.978"
Latin America & Caribbean,"LCN","Adult literacy rate, population 15+ years, gender parity index (GPI)","UIS.LR.AG15T99.GPI","1999","YR1999","0.9793"
Middle East & North Africa,"MEA","Adult literacy rate, population 15+ years, both sexes (%)","SE.ADT.LITR.ZS","1990","YR1990","57.93728"
Middle East & North Africa,"MEA","Adult literacy rate, population 15+ years, both sexes (%)","SE.ADT.LITR.ZS","1991","YR1991","59.19171"
Middle East & North Africa,"MEA","Adult literacy rate, population 15+ years, both sexes (%)","SE.ADT.LITR.ZS","1992","YR1992","60.19424"
Middle East & North Africa,"MEA","Adult literacy rate, population 15+ years, both sexes (%)","SE.ADT.LITR.ZS","1993","YR1993","61.06282"
Middle East & North Africa,"MEA","Adult literacy rate, population 15+ years, both sexes (%)","SE.ADT.LITR.ZS","1994","YR1994","62.03457"
Middle East & North Africa,"MEA","Adult literacy rate, population 15+ years, both sexes (%)","SE.ADT.LITR.ZS","1995","YR1995","63.54456"
Middle East & North Africa,"MEA","Adult literacy rate, population 15+ years, both sexes (%)","SE.ADT.LITR.ZS","1996","YR1996","64.88459"
Middle East & North Africa,"MEA","Adult literacy rate, population 15+ years, both sexes (%)","SE.ADT.LITR.ZS","1997","YR1997","65.82177"
Middle East & North Africa,"MEA","Adult literacy rate, population 15+ years, both sexes (%)","SE.ADT.LITR.ZS","1998","YR1998","67.02427"
Middle East & North Africa,"MEA","Adult literacy rate, population 15+ years, both sexes (%)","SE.ADT.LITR.ZS","1999","YR1999","68.0924"
Middle East & North Africa,"MEA","Adult literacy rate, population 15+ years, female (%)","SE.ADT.LITR.FE.ZS","1990","YR1990","45.54496"
Middle East & North Africa,"MEA","Adult literacy rate, population 15+ years, female (%)","SE.ADT.LITR.FE.ZS","1991","YR1991","47.03047"
Middle East & North Africa,"MEA","Adult literacy rate, population 15+ years, female (%)","SE.ADT.LITR.FE.ZS","1992","YR1992","48.25607"
Middle East & North Africa,"MEA","Adult literacy rate, population 15+ years, female (%)","SE.ADT.LITR.FE.ZS","1993","YR1993","48.81759"
Middle East & North Africa,"MEA","Adult literacy rate, population 15+ years, female (%)","SE.ADT.LITR.FE.ZS","1994","YR1994","50.1377"
Middle East & North Africa,"MEA","Adult literacy rate, population 15+ years, female (%)","SE.ADT.LITR.FE.ZS","1995","YR1995","52.05179"
Middle East & North Africa,"MEA","Adult literacy rate, population 15+ years, female (%)","SE.ADT.LITR.FE.ZS","1996","YR1996","53.83073"
Middle East & North Africa,"MEA","Adult literacy rate, population 15+ years, female (%)","SE.ADT.LITR.FE.ZS","1997","YR1997","54.90722"
Middle East & North Africa,"MEA","Adult literacy rate, population 15+ years, female (%)","SE.ADT.LITR.FE.ZS","1998","YR1998","56.36046"
Middle East & North Africa,"MEA","Adult literacy rate, population 15+ years, female (%)","SE.ADT.LITR.FE.ZS","1999","YR1999","57.72898"
Middle East & North Africa,"MEA","Adult literacy rate, population 15+ years, male (%)","SE.ADT.LITR.MA.ZS","1990","YR1990","69.80401"
Middle East & North Africa,"MEA","Adult literacy rate, population 15+ years, male (%)","SE.ADT.LITR.MA.ZS","1991","YR1991","70.76451"
Middle East & North Africa,"MEA","Adult literacy rate, population 15+ years, male (%)","SE.ADT.LITR.MA.ZS","1992","YR1992","71.60298"
Middle East & North Africa,"MEA","Adult literacy rate, population 15+ years, male (%)","SE.ADT.LITR.MA.ZS","1993","YR1993","72.75779"
Middle East & North Africa,"MEA","Adult literacy rate, population 15+ years, male (%)","SE.ADT.LITR.MA.ZS","1994","YR1994","73.38666"
Middle East & North Africa,"MEA","Adult literacy rate, population 15+ years, male (%)","SE.ADT.LITR.MA.ZS","1995","YR1995","74.51695"
Middle East & North Africa,"MEA","Adult literacy rate, population 15+ years, male (%)","SE.ADT.LITR.MA.ZS","1996","YR1996","75.3488"
Middle East & North Africa,"MEA","Adult literacy rate, population 15+ years, male (%)","SE.ADT.LITR.MA.ZS","1997","YR1997","76.26835"
Middle East & North Africa,"MEA","Adult literacy rate, population 15+ years, male (%)","SE.ADT.LITR.MA.ZS","1998","YR1998","77.24636"
Middle East & North Africa,"MEA","Adult literacy rate, population 15+ years, male (%)","SE.ADT.LITR.MA.ZS","1999","YR1999","78.04118"
Middle East & North Africa,"MEA","Adult literacy rate, population 15+ years, gender parity index (GPI)","UIS.LR.AG15T99.GPI","1990","YR1990","0.65247"
Middle East & North Africa,"MEA","Adult literacy rate, population 15+ years, gender parity index (GPI)","UIS.LR.AG15T99.GPI","1991","YR1991","0.66461"
Middle East & North Africa,"MEA","Adult literacy rate, population 15+ years, gender parity index (GPI)","UIS.LR.AG15T99.GPI","1992","YR1992","0.67394"
Middle East & North Africa,"MEA","Adult literacy rate, population 15+ years, gender parity index (GPI)","UIS.LR.AG15T99.GPI","1993","YR1993","0.67096"
Middle East & North Africa,"MEA","Adult literacy rate, population 15+ years, gender parity index (GPI)","UIS.LR.AG15T99.GPI","1994","YR1994","0.6832"
Middle East & North Africa,"MEA","Adult literacy rate, population 15+ years, gender parity index (GPI)","UIS.LR.AG15T99.GPI","1995","YR1995","0.69852"
Middle East & North Africa,"MEA","Adult literacy rate, population 15+ years, gender parity index (GPI)","UIS.LR.AG15T99.GPI","1996","YR1996","0.71442"
Middle East & North Africa,"MEA","Adult literacy rate, population 15+ years, gender parity index (GPI)","UIS.LR.AG15T99.GPI","1997","YR1997","0.71992"
Middle East & North Africa,"MEA","Adult literacy rate, population 15+ years, gender parity index (GPI)","UIS.LR.AG15T99.GPI","1998","YR1998","0.72962"
Middle East & North Africa,"MEA","Adult literacy rate, population 15+ years, gender parity index (GPI)","UIS.LR.AG15T99.GPI","1999","YR1999","0.73972"
South Asia,"SAS","Adult literacy rate, population 15+ years, both sexes (%)","SE.ADT.LITR.ZS","1990","YR1990","45.47371"
South Asia,"SAS","Adult literacy rate, population 15+ years, both sexes (%)","SE.ADT.LITR.ZS","1991","YR1991","45.85644"
South Asia,"SAS","Adult literacy rate, population 15+ years, both sexes (%)","SE.ADT.LITR.ZS","1992","YR1992","47.14769"
South Asia,"SAS","Adult literacy rate, population 15+ years, both sexes (%)","SE.ADT.LITR.ZS","1993","YR1993","48.12347"
South Asia,"SAS","Adult literacy rate, population 15+ years, both sexes (%)","SE.ADT.LITR.ZS","1994","YR1994","48.89509"
South Asia,"SAS","Adult literacy rate, population 15+ years, both sexes (%)","SE.ADT.LITR.ZS","1995","YR1995","49.68327"
South Asia,"SAS","Adult literacy rate, population 15+ years, both sexes (%)","SE.ADT.LITR.ZS","1996","YR1996","50.48079"
South Asia,"SAS","Adult literacy rate, population 15+ years, both sexes (%)","SE.ADT.LITR.ZS","1997","YR1997","51.28226"
South Asia,"SAS","Adult literacy rate, population 15+ years, both sexes (%)","SE.ADT.LITR.ZS","1998","YR1998","56.16217"
South Asia,"SAS","Adult literacy rate, population 15+ years, both sexes (%)","SE.ADT.LITR.ZS","1999","YR1999","56.91616"
South Asia,"SAS","Adult literacy rate, population 15+ years, female (%)","SE.ADT.LITR.FE.ZS","1990","YR1990","31.76864"
South Asia,"SAS","Adult literacy rate, population 15+ years, female (%)","SE.ADT.LITR.FE.ZS","1991","YR1991","32.43296"
South Asia,"SAS","Adult literacy rate, population 15+ years, female (%)","SE.ADT.LITR.FE.ZS","1992","YR1992","33.55333"
South Asia,"SAS","Adult literacy rate, population 15+ years, female (%)","SE.ADT.LITR.FE.ZS","1993","YR1993","34.46978"
South Asia,"SAS","Adult literacy rate, population 15+ years, female (%)","SE.ADT.LITR.FE.ZS","1994","YR1994","35.39984"
South Asia,"SAS","Adult literacy rate, population 15+ years, female (%)","SE.ADT.LITR.FE.ZS","1995","YR1995","36.35481"
South Asia,"SAS","Adult literacy rate, population 15+ years, female (%)","SE.ADT.LITR.FE.ZS","1996","YR1996","37.33181"
South Asia,"SAS","Adult literacy rate, population 15+ years, female (%)","SE.ADT.LITR.FE.ZS","1997","YR1997","38.31713"
South Asia,"SAS","Adult literacy rate, population 15+ years, female (%)","SE.ADT.LITR.FE.ZS","1998","YR1998","42.89322"
South Asia,"SAS","Adult literacy rate, population 15+ years, female (%)","SE.ADT.LITR.FE.ZS","1999","YR1999","43.90236"
South Asia,"SAS","Adult literacy rate, population 15+ years, male (%)","SE.ADT.LITR.MA.ZS","1990","YR1990","58.27148"
South Asia,"SAS","Adult literacy rate, population 15+ years, male (%)","SE.ADT.LITR.MA.ZS","1991","YR1991","58.33133"
South Asia,"SAS","Adult literacy rate, population 15+ years, male (%)","SE.ADT.LITR.MA.ZS","1992","YR1992","59.8573"
South Asia,"SAS","Adult literacy rate, population 15+ years, male (%)","SE.ADT.LITR.MA.ZS","1993","YR1993","60.8971"
South Asia,"SAS","Adult literacy rate, population 15+ years, male (%)","SE.ADT.LITR.MA.ZS","1994","YR1994","61.52906"
South Asia,"SAS","Adult literacy rate, population 15+ years, male (%)","SE.ADT.LITR.MA.ZS","1995","YR1995","62.16884"
South Asia,"SAS","Adult literacy rate, population 15+ years, male (%)","SE.ADT.LITR.MA.ZS","1996","YR1996","62.80709"
South Asia,"SAS","Adult literacy rate, population 15+ years, male (%)","SE.ADT.LITR.MA.ZS","1997","YR1997","63.44421"
South Asia,"SAS","Adult literacy rate, population 15+ years, male (%)","SE.ADT.LITR.MA.ZS","1998","YR1998","68.60554"
South Asia,"SAS","Adult literacy rate, population 15+ years, male (%)","SE.ADT.LITR.MA.ZS","1999","YR1999","69.1389"
South Asia,"SAS","Adult literacy rate, population 15+ years, gender parity index (GPI)","UIS.LR.AG15T99.GPI","1990","YR1990","0.54518"
South Asia,"SAS","Adult literacy rate, population 15+ years, gender parity index (GPI)","UIS.LR.AG15T99.GPI","1991","YR1991","0.55601"
South Asia,"SAS","Adult literacy rate, population 15+ years, gender parity index (GPI)","UIS.LR.AG15T99.GPI","1992","YR1992","0.56056"
South Asia,"SAS","Adult literacy rate, population 15+ years, gender parity index (GPI)","UIS.LR.AG15T99.GPI","1993","YR1993","0.56603"
South Asia,"SAS","Adult literacy rate, population 15+ years, gender parity index (GPI)","UIS.LR.AG15T99.GPI","1994","YR1994","0.57534"
South Asia,"SAS","Adult literacy rate, population 15+ years, gender parity index (GPI)","UIS.LR.AG15T99.GPI","1995","YR1995","0.58478"
South Asia,"SAS","Adult literacy rate, population 15+ years, gender parity index (GPI)","UIS.LR.AG15T99.GPI","1996","YR1996","0.59439"
South Asia,"SAS","Adult literacy rate, population 15+ years, gender parity index (GPI)","UIS.LR.AG15T99.GPI","1997","YR1997","0.60395"
South Asia,"SAS","Adult literacy rate, population 15+ years, gender parity index (GPI)","UIS.LR.AG15T99.GPI","1998","YR1998","0.62522"
South Asia,"SAS","Adult literacy rate, population 15+ years, gender parity index (GPI)","UIS.LR.AG15T99.GPI","1999","YR1999","0.63499"
Sub-Saharan Africa,"SSF","Adult literacy rate, population 15+ years, both sexes (%)","SE.ADT.LITR.ZS","1990","YR1990","52.52673"
Sub-Saharan Africa,"SSF","Adult literacy rate, population 15+ years, both sexes (%)","SE.ADT.LITR.ZS","1991","YR1991","52.91544"
Sub-Saharan Africa,"SSF","Adult literacy rate, population 15+ years, both sexes (%)","SE.ADT.LITR.ZS","1992","YR1992","53.37566"
Sub-Saharan Africa,"SSF","Adult literacy rate, population 15+ years, both sexes (%)","SE.ADT.LITR.ZS","1993","YR1993","53.95252"
Sub-Saharan Africa,"SSF","Adult literacy rate, population 15+ years, both sexes (%)","SE.ADT.LITR.ZS","1994","YR1994","54.68966"
Sub-Saharan Africa,"SSF","Adult literacy rate, population 15+ years, both sexes (%)","SE.ADT.LITR.ZS","1995","YR1995","54.97828"
Sub-Saharan Africa,"SSF","Adult literacy rate, population 15+ years, both sexes (%)","SE.ADT.LITR.ZS","1996","YR1996","55.65905"
Sub-Saharan Africa,"SSF","Adult literacy rate, population 15+ years, both sexes (%)","SE.ADT.LITR.ZS","1997","YR1997","56.53204"
Sub-Saharan Africa,"SSF","Adult literacy rate, population 15+ years, both sexes (%)","SE.ADT.LITR.ZS","1998","YR1998","57.19257"
Sub-Saharan Africa,"SSF","Adult literacy rate, population 15+ years, both sexes (%)","SE.ADT.LITR.ZS","1999","YR1999","58.02351"
Sub-Saharan Africa,"SSF","Adult literacy rate, population 15+ years, female (%)","SE.ADT.LITR.FE.ZS","1990","YR1990","42.00488"
Sub-Saharan Africa,"SSF","Adult literacy rate, population 15+ years, female (%)","SE.ADT.LITR.FE.ZS","1991","YR1991","42.7801"
Sub-Saharan Africa,"SSF","Adult literacy rate, population 15+ years, female (%)","SE.ADT.LITR.FE.ZS","1992","YR1992","43.02385"
Sub-Saharan Africa,"SSF","Adult literacy rate, population 15+ years, female (%)","SE.ADT.LITR.FE.ZS","1993","YR1993","43.73404"
Sub-Saharan Africa,"SSF","Adult literacy rate, population 15+ years, female (%)","SE.ADT.LITR.FE.ZS","1994","YR1994","44.64041"
Sub-Saharan Africa,"SSF","Adult literacy rate, population 15+ years, female (%)","SE.ADT.LITR.FE.ZS","1995","YR1995","45.16134"
Sub-Saharan Africa,"SSF","Adult literacy rate, population 15+ years, female (%)","SE.ADT.LITR.FE.ZS","1996","YR1996","46.05783"
Sub-Saharan Africa,"SSF","Adult literacy rate, population 15+ years, female (%)","SE.ADT.LITR.FE.ZS","1997","YR1997","47.16472"
Sub-Saharan Africa,"SSF","Adult literacy rate, population 15+ years, female (%)","SE.ADT.LITR.FE.ZS","1998","YR1998","47.88467"
Sub-Saharan Africa,"SSF","Adult literacy rate, population 15+ years, female (%)","SE.ADT.LITR.FE.ZS","1999","YR1999","48.80523"
Sub-Saharan Africa,"SSF","Adult literacy rate, population 15+ years, male (%)","SE.ADT.LITR.MA.ZS","1990","YR1990","63.32081"
Sub-Saharan Africa,"SSF","Adult literacy rate, population 15+ years, male (%)","SE.ADT.LITR.MA.ZS","1991","YR1991","63.36952"
Sub-Saharan Africa,"SSF","Adult literacy rate, population 15+ years, male (%)","SE.ADT.LITR.MA.ZS","1992","YR1992","64.00647"
Sub-Saharan Africa,"SSF","Adult literacy rate, population 15+ years, male (%)","SE.ADT.LITR.MA.ZS","1993","YR1993","64.47452"
Sub-Saharan Africa,"SSF","Adult literacy rate, population 15+ years, male (%)","SE.ADT.LITR.MA.ZS","1994","YR1994","65.07869"
Sub-Saharan Africa,"SSF","Adult literacy rate, population 15+ years, male (%)","SE.ADT.LITR.MA.ZS","1995","YR1995","65.1293"
Sub-Saharan Africa,"SSF","Adult literacy rate, population 15+ years, male (%)","SE.ADT.LITR.MA.ZS","1996","YR1996","65.59965"
Sub-Saharan Africa,"SSF","Adult literacy rate, population 15+ years, male (%)","SE.ADT.LITR.MA.ZS","1997","YR1997","66.22115"
Sub-Saharan Africa,"SSF","Adult literacy rate, population 15+ years, male (%)","SE.ADT.LITR.MA.ZS","1998","YR1998","66.84232"
Sub-Saharan Africa,"SSF","Adult literacy rate, population 15+ years, male (%)","SE.ADT.LITR.MA.ZS","1999","YR1999","67.55493"
Sub-Saharan Africa,"SSF","Adult literacy rate, population 15+ years, gender parity index (GPI)","UIS.LR.AG15T99.GPI","1990","YR1990","0.66337"
Sub-Saharan Africa,"SSF","Adult literacy rate, population 15+ years, gender parity index (GPI)","UIS.LR.AG15T99.GPI","1991","YR1991","0.67509"
Sub-Saharan Africa,"SSF","Adult literacy rate, population 15+ years, gender parity index (GPI)","UIS.LR.AG15T99.GPI","1992","YR1992","0.67218"
Sub-Saharan Africa,"SSF","Adult literacy rate, population 15+ years, gender parity index (GPI)","UIS.LR.AG15T99.GPI","1993","YR1993","0.67832"
Sub-Saharan Africa,"SSF","Adult literacy rate, population 15+ years, gender parity index (GPI)","UIS.LR.AG15T99.GPI","1994","YR1994","0.68595"
Sub-Saharan Africa,"SSF","Adult literacy rate, population 15+ years, gender parity index (GPI)","UIS.LR.AG15T99.GPI","1995","YR1995","0.69341"
Sub-Saharan Africa,"SSF","Adult literacy rate, population 15+ years, gender parity index (GPI)","UIS.LR.AG15T99.GPI","1996","YR1996","0.7021"
Sub-Saharan Africa,"SSF","Adult literacy rate, population 15+ years, gender parity index (GPI)","UIS.LR.AG15T99.GPI","1997","YR1997","0.71223"
Sub-Saharan Africa,"SSF","Adult literacy rate, population 15+ years, gender parity index (GPI)","UIS.LR.AG15T99.GPI","1998","YR1998","0.71638"
Sub-Saharan Africa,"SSF","Adult literacy rate, population 15+ years, gender parity index (GPI)","UIS.LR.AG15T99.GPI","1999","YR1999","0.72245"
World,"WLD","Adult literacy rate, population 15+ years, both sexes (%)","SE.ADT.LITR.ZS","1990","YR1990","74.37037"
World,"WLD","Adult literacy rate, population 15+ years, both sexes (%)","SE.ADT.LITR.ZS","1991","YR1991","74.9117"
World,"WLD","Adult literacy rate, population 15+ years, both sexes (%)","SE.ADT.LITR.ZS","1992","YR1992","75.33718"
World,"WLD","Adult literacy rate, population 15+ years, both sexes (%)","SE.ADT.LITR.ZS","1993","YR1993","75.74469"
World,"WLD","Adult literacy rate, population 15+ years, both sexes (%)","SE.ADT.LITR.ZS","1994","YR1994","76.14729"
World,"WLD","Adult literacy rate, population 15+ years, both sexes (%)","SE.ADT.LITR.ZS","1995","YR1995","76.53679"
World,"WLD","Adult literacy rate, population 15+ years, both sexes (%)","SE.ADT.LITR.ZS","1996","YR1996","76.95826"
World,"WLD","Adult literacy rate, population 15+ years, both sexes (%)","SE.ADT.LITR.ZS","1997","YR1997","78.9946"
World,"WLD","Adult literacy rate, population 15+ years, both sexes (%)","SE.ADT.LITR.ZS","1998","YR1998","80.20788"
World,"WLD","Adult literacy rate, population 15+ years, both sexes (%)","SE.ADT.LITR.ZS","1999","YR1999","80.55516"
World,"WLD","Adult literacy rate, population 15+ years, female (%)","SE.ADT.LITR.FE.ZS","1990","YR1990","67.51559"
World,"WLD","Adult literacy rate, population 15+ years, female (%)","SE.ADT.LITR.FE.ZS","1991","YR1991","68.2088"
World,"WLD","Adult literacy rate, population 15+ years, female (%)","SE.ADT.LITR.FE.ZS","1992","YR1992","68.654"
World,"WLD","Adult literacy rate, population 15+ years, female (%)","SE.ADT.LITR.FE.ZS","1993","YR1993","69.1082"
World,"WLD","Adult literacy rate, population 15+ years, female (%)","SE.ADT.LITR.FE.ZS","1994","YR1994","69.61666"
World,"WLD","Adult literacy rate, population 15+ years, female (%)","SE.ADT.LITR.FE.ZS","1995","YR1995","70.12247"
World,"WLD","Adult literacy rate, population 15+ years, female (%)","SE.ADT.LITR.FE.ZS","1996","YR1996","70.66645"
World,"WLD","Adult literacy rate, population 15+ years, female (%)","SE.ADT.LITR.FE.ZS","1997","YR1997","73.50123"
World,"WLD","Adult literacy rate, population 15+ years, female (%)","SE.ADT.LITR.FE.ZS","1998","YR1998","74.69356"
World,"WLD","Adult literacy rate, population 15+ years, female (%)","SE.ADT.LITR.FE.ZS","1999","YR1999","75.14489"
World,"WLD","Adult literacy rate, population 15+ years, male (%)","SE.ADT.LITR.MA.ZS","1990","YR1990","81.2501"
World,"WLD","Adult literacy rate, population 15+ years, male (%)","SE.ADT.LITR.MA.ZS","1991","YR1991","81.63226"
World,"WLD","Adult literacy rate, population 15+ years, male (%)","SE.ADT.LITR.MA.ZS","1992","YR1992","82.05181"
World,"WLD","Adult literacy rate, population 15+ years, male (%)","SE.ADT.LITR.MA.ZS","1993","YR1993","82.41253"
World,"WLD","Adult literacy rate, population 15+ years, male (%)","SE.ADT.LITR.MA.ZS","1994","YR1994","82.71257"
World,"WLD","Adult literacy rate, population 15+ years, male (%)","SE.ADT.LITR.MA.ZS","1995","YR1995","82.98687"
World,"WLD","Adult literacy rate, population 15+ years, male (%)","SE.ADT.LITR.MA.ZS","1996","YR1996","83.28095"
World,"WLD","Adult literacy rate, population 15+ years, male (%)","SE.ADT.LITR.MA.ZS","1997","YR1997","84.51867"
World,"WLD","Adult literacy rate, population 15+ years, male (%)","SE.ADT.LITR.MA.ZS","1998","YR1998","85.75475"
World,"WLD","Adult literacy rate, population 15+ years, male (%)","SE.ADT.LITR.MA.ZS","1999","YR1999","85.99819"
World,"WLD","Adult literacy rate, population 15+ years, gender parity index (GPI)","UIS.LR.AG15T99.GPI","1990","YR1990","0.83096"
World,"WLD","Adult literacy rate, population 15+ years, gender parity index (GPI)","UIS.LR.AG15T99.GPI","1991","YR1991","0.83556"
World,"WLD","Adult literacy rate, population 15+ years, gender parity index (GPI)","UIS.LR.AG15T99.GPI","1992","YR1992","0.83672"
World,"WLD","Adult literacy rate, population 15+ years, gender parity index (GPI)","UIS.LR.AG15T99.GPI","1993","YR1993","0.83856"
World,"WLD","Adult literacy rate, population 15+ years, gender parity index (GPI)","UIS.LR.AG15T99.GPI","1994","YR1994","0.84167"
World,"WLD","Adult literacy rate, population 15+ years, gender parity index (GPI)","UIS.LR.AG15T99.GPI","1995","YR1995","0.84498"
World,"WLD","Adult literacy rate, population 15+ years, gender parity index (GPI)","UIS.LR.AG15T99.GPI","1996","YR1996","0.84853"
World,"WLD","Adult literacy rate, population 15+ years, gender parity index (GPI)","UIS.LR.AG15T99.GPI","1997","YR1997","0.86964"
World,"WLD","Adult literacy rate, population 15+ years, gender parity index (GPI)","UIS.LR.AG15T99.GPI","1998","YR1998","0.87101"
World,"WLD","Adult literacy rate, population 15+ years, gender parity index (GPI)","UIS.LR.AG15T99.GPI","1999","YR1999","0.8738"
Europe & Central Asia,"ECS","Adult literacy rate, population 15+ years, both sexes (%)","SE.ADT.LITR.ZS","1990","YR1990",".."
Europe & Central Asia,"ECS","Adult literacy rate, population 15+ years, both sexes (%)","SE.ADT.LITR.ZS","1991","YR1991",".."
Europe & Central Asia,"ECS","Adult literacy rate, population 15+ years, both sexes (%)","SE.ADT.LITR.ZS","1992","YR1992",".."
Europe & Central Asia,"ECS","Adult literacy rate, population 15+ years, both sexes (%)","SE.ADT.LITR.ZS","1993","YR1993",".."
Europe & Central Asia,"ECS","Adult literacy rate, population 15+ years, both sexes (%)","SE.ADT.LITR.ZS","1994","YR1994","95.67311"
Europe & Central Asia,"ECS","Adult literacy rate, population 15+ years, both sexes (%)","SE.ADT.LITR.ZS","1995","YR1995","95.8122"
Europe & Central Asia,"ECS","Adult literacy rate, population 15+ years, both sexes (%)","SE.ADT.LITR.ZS","1996","YR1996","95.97373"
Europe & Central Asia,"ECS","Adult literacy rate, population 15+ years, both sexes (%)","SE.ADT.LITR.ZS","1997","YR1997","96.09993"
Europe & Central Asia,"ECS","Adult literacy rate, population 15+ years, both sexes (%)","SE.ADT.LITR.ZS","1998","YR1998","96.35246"
Europe & Central Asia,"ECS","Adult literacy rate, population 15+ years, both sexes (%)","SE.ADT.LITR.ZS","1999","YR1999","96.46464"
Europe & Central Asia,"ECS","Adult literacy rate, population 15+ years, female (%)","SE.ADT.LITR.FE.ZS","1990","YR1990",".."
Europe & Central Asia,"ECS","Adult literacy rate, population 15+ years, female (%)","SE.ADT.LITR.FE.ZS","1991","YR1991",".."
Europe & Central Asia,"ECS","Adult literacy rate, population 15+ years, female (%)","SE.ADT.LITR.FE.ZS","1992","YR1992",".."
Europe & Central Asia,"ECS","Adult literacy rate, population 15+ years, female (%)","SE.ADT.LITR.FE.ZS","1993","YR1993",".."
Europe & Central Asia,"ECS","Adult literacy rate, population 15+ years, female (%)","SE.ADT.LITR.FE.ZS","1994","YR1994","94.10711"
Europe & Central Asia,"ECS","Adult literacy rate, population 15+ years, female (%)","SE.ADT.LITR.FE.ZS","1995","YR1995","94.30454"
Europe & Central Asia,"ECS","Adult literacy rate, population 15+ years, female (%)","SE.ADT.LITR.FE.ZS","1996","YR1996","94.53935"
Europe & Central Asia,"ECS","Adult literacy rate, population 15+ years, female (%)","SE.ADT.LITR.FE.ZS","1997","YR1997","94.71924"
Europe & Central Asia,"ECS","Adult literacy rate, population 15+ years, female (%)","SE.ADT.LITR.FE.ZS","1998","YR1998","95.0961"
Europe & Central Asia,"ECS","Adult literacy rate, population 15+ years, female (%)","SE.ADT.LITR.FE.ZS","1999","YR1999","95.25992"
Europe & Central Asia,"ECS","Adult literacy rate, population 15+ years, male (%)","SE.ADT.LITR.MA.ZS","1990","YR1990",".."
Europe & Central Asia,"ECS","Adult literacy rate, population 15+ years, male (%)","SE.ADT.LITR.MA.ZS","1991","YR1991",".."
Europe & Central Asia,"ECS","Adult literacy rate, population 15+ years, male (%)","SE.ADT.LITR.MA.ZS","1992","YR1992",".."
Europe & Central Asia,"ECS","Adult literacy rate, population 15+ years, male (%)","SE.ADT.LITR.MA.ZS","1993","YR1993",".."
Europe & Central Asia,"ECS","Adult literacy rate, population 15+ years, male (%)","SE.ADT.LITR.MA.ZS","1994","YR1994","97.3863"
Europe & Central Asia,"ECS","Adult literacy rate, population 15+ years, male (%)","SE.ADT.LITR.MA.ZS","1995","YR1995","97.4615"
Europe & Central Asia,"ECS","Adult literacy rate, population 15+ years, male (%)","SE.ADT.LITR.MA.ZS","1996","YR1996","97.5426"
Europe & Central Asia,"ECS","Adult literacy rate, population 15+ years, male (%)","SE.ADT.LITR.MA.ZS","1997","YR1997","97.61006"
Europe & Central Asia,"ECS","Adult literacy rate, population 15+ years, male (%)","SE.ADT.LITR.MA.ZS","1998","YR1998","97.72617"
Europe & Central Asia,"ECS","Adult literacy rate, population 15+ years, male (%)","SE.ADT.LITR.MA.ZS","1999","YR1999","97.78256"
Europe & Central Asia,"ECS","Adult literacy rate, population 15+ years, gender parity index (GPI)","UIS.LR.AG15T99.GPI","1990","YR1990",".."
Europe & Central Asia,"ECS","Adult literacy rate, population 15+ years, gender parity index (GPI)","UIS.LR.AG15T99.GPI","1991","YR1991",".."
Europe & Central Asia,"ECS","Adult literacy rate, population 15+ years, gender parity index (GPI)","UIS.LR.AG15T99.GPI","1992","YR1992",".."
Europe & Central Asia,"ECS","Adult literacy rate, population 15+ years, gender parity index (GPI)","UIS.LR.AG15T99.GPI","1993","YR1993",".."
Europe & Central Asia,"ECS","Adult literacy rate, population 15+ years, gender parity index (GPI)","UIS.LR.AG15T99.GPI","1994","YR1994","0.96633"
Europe & Central Asia,"ECS","Adult literacy rate, population 15+ years, gender parity index (GPI)","UIS.LR.AG15T99.GPI","1995","YR1995","0.96761"
Europe & Central Asia,"ECS","Adult literacy rate, population 15+ years, gender parity index (GPI)","UIS.LR.AG15T99.GPI","1996","YR1996","0.96921"
Europe & Central Asia,"ECS","Adult literacy rate, population 15+ years, gender parity index (GPI)","UIS.LR.AG15T99.GPI","1997","YR1997","0.97038"
Europe & Central Asia,"ECS","Adult literacy rate, population 15+ years, gender parity index (GPI)","UIS.LR.AG15T99.GPI","1998","YR1998","0.97309"
Europe & Central Asia,"ECS","Adult literacy rate, population 15+ years, gender parity index (GPI)","UIS.LR.AG15T99.GPI","1999","YR1999","0.9742"
Europe & Central Asia (IDA & IBRD countries),"TEC","Adult literacy rate, population 15+ years, both sexes (%)","SE.ADT.LITR.ZS","1990","YR1990","95.86819"
Europe & Central Asia (IDA & IBRD countries),"TEC","Adult literacy rate, population 15+ years, both sexes (%)","SE.ADT.LITR.ZS","1991","YR1991","95.90473"
Europe & Central Asia (IDA & IBRD countries),"TEC","Adult literacy rate, population 15+ years, both sexes (%)","SE.ADT.LITR.ZS","1992","YR1992","96.01564"
Europe & Central Asia (IDA & IBRD countries),"TEC","Adult literacy rate, population 15+ years, both sexes (%)","SE.ADT.LITR.ZS","1993","YR1993","96.1256"
Europe & Central Asia (IDA & IBRD countries),"TEC","Adult literacy rate, population 15+ years, both sexes (%)","SE.ADT.LITR.ZS","1994","YR1994","96.23468"
Europe & Central Asia (IDA & IBRD countries),"TEC","Adult literacy rate, population 15+ years, both sexes (%)","SE.ADT.LITR.ZS","1995","YR1995","96.34597"
Europe & Central Asia (IDA & IBRD countries),"TEC","Adult literacy rate, population 15+ years, both sexes (%)","SE.ADT.LITR.ZS","1996","YR1996","96.50807"
Europe & Central Asia (IDA & IBRD countries),"TEC","Adult literacy rate, population 15+ years, both sexes (%)","SE.ADT.LITR.ZS","1997","YR1997","96.6101"
Europe & Central Asia (IDA & IBRD countries),"TEC","Adult literacy rate, population 15+ years, both sexes (%)","SE.ADT.LITR.ZS","1998","YR1998","96.90662"
Europe & Central Asia (IDA & IBRD countries),"TEC","Adult literacy rate, population 15+ years, both sexes (%)","SE.ADT.LITR.ZS","1999","YR1999","96.96655"
Europe & Central Asia (IDA & IBRD countries),"TEC","Adult literacy rate, population 15+ years, female (%)","SE.ADT.LITR.FE.ZS","1990","YR1990","93.79899"
Europe & Central Asia (IDA & IBRD countries),"TEC","Adult literacy rate, population 15+ years, female (%)","SE.ADT.LITR.FE.ZS","1991","YR1991","93.92758"
Europe & Central Asia (IDA & IBRD countries),"TEC","Adult literacy rate, population 15+ years, female (%)","SE.ADT.LITR.FE.ZS","1992","YR1992","94.09406"
Europe & Central Asia (IDA & IBRD countries),"TEC","Adult literacy rate, population 15+ years, female (%)","SE.ADT.LITR.FE.ZS","1993","YR1993","94.26054"
Europe & Central Asia (IDA & IBRD countries),"TEC","Adult literacy rate, population 15+ years, female (%)","SE.ADT.LITR.FE.ZS","1994","YR1994","94.42677"
Europe & Central Asia (IDA & IBRD countries),"TEC","Adult literacy rate, population 15+ years, female (%)","SE.ADT.LITR.FE.ZS","1995","YR1995","94.59637"
Europe & Central Asia (IDA & IBRD countries),"TEC","Adult literacy rate, population 15+ years, female (%)","SE.ADT.LITR.FE.ZS","1996","YR1996","94.8472"
Europe & Central Asia (IDA & IBRD countries),"TEC","Adult literacy rate, population 15+ years, female (%)","SE.ADT.LITR.FE.ZS","1997","YR1997","95.00816"
Europe & Central Asia (IDA & IBRD countries),"TEC","Adult literacy rate, population 15+ years, female (%)","SE.ADT.LITR.FE.ZS","1998","YR1998","95.49135"
Europe & Central Asia (IDA & IBRD countries),"TEC","Adult literacy rate, population 15+ years, female (%)","SE.ADT.LITR.FE.ZS","1999","YR1999","95.58964"
Europe & Central Asia (IDA & IBRD countries),"TEC","Adult literacy rate, population 15+ years, male (%)","SE.ADT.LITR.MA.ZS","1990","YR1990","98.13795"
Europe & Central Asia (IDA & IBRD countries),"TEC","Adult literacy rate, population 15+ years, male (%)","SE.ADT.LITR.MA.ZS","1991","YR1991","98.14106"
Europe & Central Asia (IDA & IBRD countries),"TEC","Adult literacy rate, population 15+ years, male (%)","SE.ADT.LITR.MA.ZS","1992","YR1992","98.18952"
Europe & Central Asia (IDA & IBRD countries),"TEC","Adult literacy rate, population 15+ years, male (%)","SE.ADT.LITR.MA.ZS","1993","YR1993","98.23462"
Europe & Central Asia (IDA & IBRD countries),"TEC","Adult literacy rate, population 15+ years, male (%)","SE.ADT.LITR.MA.ZS","1994","YR1994","98.27837"
Europe & Central Asia (IDA & IBRD countries),"TEC","Adult literacy rate, population 15+ years, male (%)","SE.ADT.LITR.MA.ZS","1995","YR1995","98.32282"
Europe & Central Asia (IDA & IBRD countries),"TEC","Adult literacy rate, population 15+ years, male (%)","SE.ADT.LITR.MA.ZS","1996","YR1996","98.38393"
Europe & Central Asia (IDA & IBRD countries),"TEC","Adult literacy rate, population 15+ years, male (%)","SE.ADT.LITR.MA.ZS","1997","YR1997","98.4187"
Europe & Central Asia (IDA & IBRD countries),"TEC","Adult literacy rate, population 15+ years, male (%)","SE.ADT.LITR.MA.ZS","1998","YR1998","98.50394"
Europe & Central Asia (IDA & IBRD countries),"TEC","Adult literacy rate, population 15+ years, male (%)","SE.ADT.LITR.MA.ZS","1999","YR1999","98.52019"
Europe & Central Asia (IDA & IBRD countries),"TEC","Adult literacy rate, population 15+ years, gender parity index (GPI)","UIS.LR.AG15T99.GPI","1990","YR1990","0.95579"
Europe & Central Asia (IDA & IBRD countries),"TEC","Adult literacy rate, population 15+ years, gender parity index (GPI)","UIS.LR.AG15T99.GPI","1991","YR1991","0.95707"
Europe & Central Asia (IDA & IBRD countries),"TEC","Adult literacy rate, population 15+ years, gender parity index (GPI)","UIS.LR.AG15T99.GPI","1992","YR1992","0.95829"
Europe & Central Asia (IDA & IBRD countries),"TEC","Adult literacy rate, population 15+ years, gender parity index (GPI)","UIS.LR.AG15T99.GPI","1993","YR1993","0.95954"
Europe & Central Asia (IDA & IBRD countries),"TEC","Adult literacy rate, population 15+ years, gender parity index (GPI)","UIS.LR.AG15T99.GPI","1994","YR1994","0.96081"
Europe & Central Asia (IDA & IBRD countries),"TEC","Adult literacy rate, population 15+ years, gender parity index (GPI)","UIS.LR.AG15T99.GPI","1995","YR1995","0.9621"
Europe & Central Asia (IDA & IBRD countries),"TEC","Adult literacy rate, population 15+ years, gender parity index (GPI)","UIS.LR.AG15T99.GPI","1996","YR1996","0.96405"
Europe & Central Asia (IDA & IBRD countries),"TEC","Adult literacy rate, population 15+ years, gender parity index (GPI)","UIS.LR.AG15T99.GPI","1997","YR1997","0.96535"
Europe & Central Asia (IDA & IBRD countries),"TEC","Adult literacy rate, population 15+ years, gender parity index (GPI)","UIS.LR.AG15T99.GPI","1998","YR1998","0.96942"
Europe & Central Asia (IDA & IBRD countries),"TEC","Adult literacy rate, population 15+ years, gender parity index (GPI)","UIS.LR.AG15T99.GPI","1999","YR1999","0.97025"
Europe & Central Asia (excluding high income),"ECA","Adult literacy rate, population 15+ years, both sexes (%)","SE.ADT.LITR.ZS","1990","YR1990","95.56945"
Europe & Central Asia (excluding high income),"ECA","Adult literacy rate, population 15+ years, both sexes (%)","SE.ADT.LITR.ZS","1991","YR1991","95.60776"
Europe & Central Asia (excluding high income),"ECA","Adult literacy rate, population 15+ years, both sexes (%)","SE.ADT.LITR.ZS","1992","YR1992","95.73018"
Europe & Central Asia (excluding high income),"ECA","Adult literacy rate, population 15+ years, both sexes (%)","SE.ADT.LITR.ZS","1993","YR1993","95.85116"
Europe & Central Asia (excluding high income),"ECA","Adult literacy rate, population 15+ years, both sexes (%)","SE.ADT.LITR.ZS","1994","YR1994","95.9709"
Europe & Central Asia (excluding high income),"ECA","Adult literacy rate, population 15+ years, both sexes (%)","SE.ADT.LITR.ZS","1995","YR1995","96.09277"
Europe & Central Asia (excluding high income),"ECA","Adult literacy rate, population 15+ years, both sexes (%)","SE.ADT.LITR.ZS","1996","YR1996","96.27173"
Europe & Central Asia (excluding high income),"ECA","Adult literacy rate, population 15+ years, both sexes (%)","SE.ADT.LITR.ZS","1997","YR1997","96.38321"
Europe & Central Asia (excluding high income),"ECA","Adult literacy rate, population 15+ years, both sexes (%)","SE.ADT.LITR.ZS","1998","YR1998","96.70797"
Europe & Central Asia (excluding high income),"ECA","Adult literacy rate, population 15+ years, both sexes (%)","SE.ADT.LITR.ZS","1999","YR1999","96.77288"
Europe & Central Asia (excluding high income),"ECA","Adult literacy rate, population 15+ years, female (%)","SE.ADT.LITR.FE.ZS","1990","YR1990","93.3492"
Europe & Central Asia (excluding high income),"ECA","Adult literacy rate, population 15+ years, female (%)","SE.ADT.LITR.FE.ZS","1991","YR1991","93.48833"
Europe & Central Asia (excluding high income),"ECA","Adult literacy rate, population 15+ years, female (%)","SE.ADT.LITR.FE.ZS","1992","YR1992","93.67149"
Europe & Central Asia (excluding high income),"ECA","Adult literacy rate, population 15+ years, female (%)","SE.ADT.LITR.FE.ZS","1993","YR1993","93.85411"
Europe & Central Asia (excluding high income),"ECA","Adult literacy rate, population 15+ years, female (%)","SE.ADT.LITR.FE.ZS","1994","YR1994","94.03612"
Europe & Central Asia (excluding high income),"ECA","Adult literacy rate, population 15+ years, female (%)","SE.ADT.LITR.FE.ZS","1995","YR1995","94.22141"
Europe & Central Asia (excluding high income),"ECA","Adult literacy rate, population 15+ years, female (%)","SE.ADT.LITR.FE.ZS","1996","YR1996","94.49765"
Europe & Central Asia (excluding high income),"ECA","Adult literacy rate, population 15+ years, female (%)","SE.ADT.LITR.FE.ZS","1997","YR1997","94.67317"
Europe & Central Asia (excluding high income),"ECA","Adult literacy rate, population 15+ years, female (%)","SE.ADT.LITR.FE.ZS","1998","YR1998","95.20211"
Europe & Central Asia (excluding high income),"ECA","Adult literacy rate, population 15+ years, female (%)","SE.ADT.LITR.FE.ZS","1999","YR1999","95.30842"
Europe & Central Asia (excluding high income),"ECA","Adult literacy rate, population 15+ years, male (%)","SE.ADT.LITR.MA.ZS","1990","YR1990","98.013"
Europe & Central Asia (excluding high income),"ECA","Adult literacy rate, population 15+ years, male (%)","SE.ADT.LITR.MA.ZS","1991","YR1991","98.01561"
Europe & Central Asia (excluding high income),"ECA","Adult literacy rate, population 15+ years, male (%)","SE.ADT.LITR.MA.ZS","1992","YR1992","98.0693"
Europe & Central Asia (excluding high income),"ECA","Adult literacy rate, population 15+ years, male (%)","SE.ADT.LITR.MA.ZS","1993","YR1993","98.1191"
Europe & Central Asia (excluding high income),"ECA","Adult literacy rate, population 15+ years, male (%)","SE.ADT.LITR.MA.ZS","1994","YR1994","98.16727"
Europe & Central Asia (excluding high income),"ECA","Adult literacy rate, population 15+ years, male (%)","SE.ADT.LITR.MA.ZS","1995","YR1995","98.21607"
Europe & Central Asia (excluding high income),"ECA","Adult literacy rate, population 15+ years, male (%)","SE.ADT.LITR.MA.ZS","1996","YR1996","98.28377"
Europe & Central Asia (excluding high income),"ECA","Adult literacy rate, population 15+ years, male (%)","SE.ADT.LITR.MA.ZS","1997","YR1997","98.32181"
Europe & Central Asia (excluding high income),"ECA","Adult literacy rate, population 15+ years, male (%)","SE.ADT.LITR.MA.ZS","1998","YR1998","98.41453"
Europe & Central Asia (excluding high income),"ECA","Adult literacy rate, population 15+ years, male (%)","SE.ADT.LITR.MA.ZS","1999","YR1999","98.43209"
Europe & Central Asia (excluding high income),"ECA","Adult literacy rate, population 15+ years, gender parity index (GPI)","UIS.LR.AG15T99.GPI","1990","YR1990","0.95242"
Europe & Central Asia (excluding high income),"ECA","Adult literacy rate, population 15+ years, gender parity index (GPI)","UIS.LR.AG15T99.GPI","1991","YR1991","0.95381"
Europe & Central Asia (excluding high income),"ECA","Adult literacy rate, population 15+ years, gender parity index (GPI)","UIS.LR.AG15T99.GPI","1992","YR1992","0.95516"
Europe & Central Asia (excluding high income),"ECA","Adult literacy rate, population 15+ years, gender parity index (GPI)","UIS.LR.AG15T99.GPI","1993","YR1993","0.95653"
Europe & Central Asia (excluding high income),"ECA","Adult literacy rate, population 15+ years, gender parity index (GPI)","UIS.LR.AG15T99.GPI","1994","YR1994","0.95792"
Europe & Central Asia (excluding high income),"ECA","Adult literacy rate, population 15+ years, gender parity index (GPI)","UIS.LR.AG15T99.GPI","1995","YR1995","0.95933"
Europe & Central Asia (excluding high income),"ECA","Adult literacy rate, population 15+ years, gender parity index (GPI)","UIS.LR.AG15T99.GPI","1996","YR1996","0.96148"
Europe & Central Asia (excluding high income),"ECA","Adult literacy rate, population 15+ years, gender parity index (GPI)","UIS.LR.AG15T99.GPI","1997","YR1997","0.96289"
Europe & Central Asia (excluding high income),"ECA","Adult literacy rate, population 15+ years, gender parity index (GPI)","UIS.LR.AG15T99.GPI","1998","YR1998","0.96736"
Europe & Central Asia (excluding high income),"ECA","Adult literacy rate, population 15+ years, gender parity index (GPI)","UIS.LR.AG15T99.GPI","1999","YR1999","0.96827"
,"","","","","",""
,"","","","","",""
,"","","","","",""
Data from database: Education Statistics - All Indicators,"","","","","",""
Last Updated: 04/21/2020,"","","","","",""
